name,pos,status,injury,updated,source,provider,notes
Ja'Marr Chase,WR,Questionable,Concussion,2026-10-10,https://www.fantasypros.com/nfl/players/injuries.php,FantasyPros Injury Report,FantasyPros lists Ja'Marr Chase as Questionable. Practice reports: DNP / Limit / Full. Listed probability of playing: 83%.
Justin Jefferson,WR,Questionable,Ankle,2026-10-10,https://bsky.app/profile/insidenflnews.bsky.social/post/3mxhkupds5k2f,Sleeper + NFL Daily News,Vikings WRs Justin Jefferson (ankle) and Jordan Addison (hamstring) are listed as questionable for Week 5.
A.J. Brown,WR,IR,Ankle,2026-10-08,https://api.sleeper.app/v1/players/nfl?active=true,Sleeper,Sleeper lists A.J. Brown as IR.
Ashton Jeanty,RB,Questionable,Ankle,2026-10-10,https://bsky.app/profile/insidenflnews.bsky.social/post/3mxhksc6fnc2f,FantasyPros Injury Report + NFL Daily News,"Raiders RB Ashton Jeanty (ankle, foot) is listed as questionable for Week 5."
Nico Collins,WR,Monitor,NIR,2026-10-08,https://www.fantasypros.com/nfl/players/injuries.php,FantasyPros Injury Report,FantasyPros lists Nico Collins as Monitor. Practice reports: Limit.
Brock Bowers,TE,Questionable,Knee,2026-10-08,https://api.sleeper.app/v1/players/nfl?active=true,Sleeper,Sleeper lists Brock Bowers as Questionable.
De'Von Achane,RB,IR,Knee - ACL,2026-09-28,https://bsky.app/profile/insidenflnews.bsky.social/post/3mwjcqcjimk2m,Sleeper + NFL Daily News,Status alert: De'Von Achane (knee) questionable to return
Rashee Rice,WR,Questionable,Hamstring,2026-10-05,https://api.sleeper.app/v1/players/nfl?active=true,Sleeper,Sleeper lists Rashee Rice as Questionable.
DeVonta Smith,WR,Out,Undisclosed,2026-10-09,https://bsky.app/profile/insidenflnews.bsky.social/post/3mxhrkxcj3c2p,NFL Daily News,Eagles ruled out in Week 5: Saquon Barkley DeVonta Smith Drew Kendall Tank Bigsby Hollywood Brown Marcus Epps
Saquon Barkley,RB,Out,Undisclosed,2026-10-09,https://bsky.app/profile/insidenflnews.bsky.social/post/3mxhrkxcj3c2p,NFL Daily News,Eagles ruled out in Week 5: Saquon Barkley DeVonta Smith Drew Kendall Tank Bigsby Hollywood Brown Marcus Epps
Josh Allen,QB,Monitor,Undisclosed,2026-09-30,https://bsky.app/profile/insidenflnews.bsky.social/post/3mwrcadtbis2s,NFL Daily News,Josh Allen not listed on injury report for Week 4.
Malik Nabers,WR,Questionable,Undisclosed,2026-10-09,https://api.sleeper.app/v1/players/nfl?active=true,Sleeper,Sleeper lists Malik Nabers as Questionable.
Zay Flowers,WR,Questionable,Foot,2026-10-10,https://www.fantasypros.com/nfl/players/injuries.php,FantasyPros Injury Report,FantasyPros lists Zay Flowers as Questionable. Practice reports: Limit / Limit / Limit. Listed probability of playing: 92%.
Lamar Jackson,QB,Monitor,Ankle,2026-10-06,https://www.fantasypros.com/nfl/news/612458/lamar-jackson-ankle-unlikely-to-play-week-5.php,FantasyPros News,"Lamar Jackson (ankle) unlikely to play in Week 5 Lamar Jackson (ankle) has only an outside chance of playing Sunday against the Falcons. Jackson sustained a sprained ankle in Week 4's win over the Titans. Now, the two-time MVP's status is uncertain for the next few weeks. The Ravens have not officially ruled him out for this Sunday's game, but the chances of him playing seem very thin. Tyler Huntl"
Tee Higgins,WR,Questionable,Groin,2026-10-09,https://api.sleeper.app/v1/players/nfl?active=true,Sleeper,Sleeper lists Tee Higgins as Questionable.
Ladd McConkey,WR,Questionable,Foot,2026-10-10,https://api.sleeper.app/v1/players/nfl?active=true,Sleeper,Sleeper lists Ladd McConkey as Questionable.
Jaylen Waddle,WR,Monitor,Foot,2026-10-03,https://www.fantasypros.com/nfl/news/611983/jaylen-waddle-foot-off-injury-report-sunday.php,FantasyPros News,Jaylen Waddle (foot) off injury report Sunday Jaylen Waddle is off the injury report for Sunday's game against the 49ers. Waddle was seen in a walking boot after last Sunday's win. He will be a WR2 play for fantasy managers.
Jeremiyah Love,RB,Questionable,Ankle,2026-10-09,https://api.sleeper.app/v1/players/nfl?active=true,Sleeper,Sleeper lists Jeremiyah Love as Questionable.
Breece Hall,RB,Out,Quadriceps,2026-10-09,https://bsky.app/profile/insidenflnews.bsky.social/post/3mwvmfwlojc2n,Sleeper + NFL Daily News,Jets players ruled out for Week 4: Breece Hall (quad) Adonai Mitchell (finger) Mason Taylor (thumb)
Terry McLaurin,WR,Questionable,Hamstring,2026-10-10,https://bsky.app/profile/insidenflnews.bsky.social/post/3mxcra4rwws2i,Sleeper + NFL Daily News,Commanders Wednesday injury report: Stefon Diggs (hamstring) - DNP Terry McLaurin (hamstring) - DNP Rachaad White (shoulder) - LP
Travis Etienne Jr.,RB,IR,Hamstring,2026-10-01,https://bsky.app/profile/insidenflnews.bsky.social/post/3mwtpd4h35s2p,Sleeper + NFL Daily News,Saints RB Travis Etienne (hamstring) has been placed on IR and will miss at least 4 games.
Jayden Daniels,QB,Questionable,Elbow,2026-10-07,https://bsky.app/profile/insidenflnews.bsky.social/post/3mwm3ollqak2y,Sleeper + NFL Daily News,"Jayden Daniels addressed the team last week, saying he “owed it to them” to forego surgery and return as soon as possible, per Matt Zenitz."
Mike Evans,WR,Questionable,Ribs,2026-10-09,https://bsky.app/profile/insidenflnews.bsky.social/post/3mwjujossqk2w,Sleeper + NFL Daily News,"Rap: Mike Evans dealing with rib strain, will undergo full evaluation on Monday."
DJ Moore,WR,Questionable,Undisclosed,2026-10-10,https://bsky.app/profile/insidenflnews.bsky.social/post/3mx2yrdv5bs2o,Sleeper + NFL Daily News,Status alert: DJ Moore headed to medical tent.
Cam Skattebo,RB,Questionable,Shoulder,2026-10-09,https://api.sleeper.app/v1/players/nfl?active=true,Sleeper,Sleeper lists Cam Skattebo as Questionable.
Bucky Irving,RB,Monitor,Ankle,2026-10-02,https://bsky.app/profile/insidenflnews.bsky.social/post/3mww4rfiv3k2l,NFL Daily News,"Bucky Irving (glute), Chris Godwin (ankle) not listed on injury report for Week 4."
Carnell Tate,WR,Questionable,Back,2026-10-09,https://api.sleeper.app/v1/players/nfl?active=true,Sleeper,Sleeper lists Carnell Tate as Questionable.
Marvin Harrison Jr.,WR,Out,Coach's Decision,2026-10-10,https://api.sleeper.app/v1/players/nfl?active=true,Sleeper,Sleeper lists Marvin Harrison Jr. as Out.
Caleb Williams,QB,Questionable,Hamstring,2026-10-10,https://bsky.app/profile/insidenflnews.bsky.social/post/3mwvtdp2bys2n,Sleeper + NFL Daily News,Bears QB Caleb Williams (hamstring) has officially been ruled out for Week 4.
Jadarian Price,RB,IR,Chest,2026-10-07,https://bsky.app/profile/insidenflnews.bsky.social/post/3mwyojqkjf22m,Sleeper + NFL Daily News,Schefter: Seahawks RB Jadarian Price (chest) will be placed on IR and will miss at least 4 games.
Rhamondre Stevenson,RB,Questionable,Undisclosed,2026-10-09,https://api.sleeper.app/v1/players/nfl?active=true,Sleeper,Sleeper lists Rhamondre Stevenson as Questionable.
Chris Godwin Jr.,WR,Monitor,Ankle,2026-10-02,https://bsky.app/profile/insidenflnews.bsky.social/post/3mww4rfiv3k2l,NFL Daily News,"Bucky Irving (glute), Chris Godwin (ankle) not listed on injury report for Week 4."
Tony Pollard,RB,Questionable,Foot,2026-10-08,https://bsky.app/profile/insidenflnews.bsky.social/post/3mww6oh5lbc2l,Sleeper + NFL Daily News,Tony Pollard (foot) not listed on injury report for Week 4. Tyjae Spears (ankle) listed questionable but fully practices Friday.
Michael Pittman Jr.,WR,Out,Foot,2026-10-08,https://api.sleeper.app/v1/players/nfl?active=true,Sleeper,Sleeper lists Michael Pittman Jr. as Out.
Jordyn Tyson,WR,IR,Hamstring,2026-10-06,https://api.sleeper.app/v1/players/nfl?active=true,Sleeper,Sleeper lists Jordyn Tyson as IR.
Rico Dowdle,RB,Questionable,Toe,2026-10-10,https://bsky.app/profile/insidenflnews.bsky.social/post/3mwmdrmaig22y,Sleeper + NFL Daily News,Steelers RB Rico Dowdle (toe) was listed as a DNP Monday.
Alec Pierce,WR,IR,Heel,2026-10-02,https://bsky.app/profile/insidenflnews.bsky.social/post/3mw73c6gdtk2o,Sleeper + NFL Daily News,Alec Pierce (heel) will officially be placed on IR.
Jaxson Dart,QB,IR,Knee - Meniscus,2026-10-01,https://bsky.app/profile/insidenflnews.bsky.social/post/3mw7apmnjjk2y,Sleeper + NFL Daily News,Rap: Jaxson Dart's surgery will address torn meniscus and torn MCL; damage to PCL won't be addressed surgically. This recovery would result in about 6 month recovery.
Jonathon Brooks,RB,IR,Abdomen,2026-09-23,https://bsky.app/profile/insidenflnews.bsky.social/post/3mw6xqg3htc26,Sleeper + NFL Daily News,Rap: Panthers RB Jonathon Brooks will miss at least six weeks after undergoing core muscle surgery.
Quentin Johnston,WR,Out,Chest,2026-10-09,https://api.sleeper.app/v1/players/nfl?active=true,Sleeper,Sleeper lists Quentin Johnston as Out.
Jakobi Meyers,WR,Questionable,Thumb,2026-10-02,https://api.sleeper.app/v1/players/nfl?active=true,Sleeper,Sleeper lists Jakobi Meyers as Questionable.
Jordan Addison,WR,Questionable,Hamstring,2026-10-09,https://bsky.app/profile/insidenflnews.bsky.social/post/3mxhkupds5k2f,NFL Daily News,Vikings WRs Justin Jefferson (ankle) and Jordan Addison (hamstring) are listed as questionable for Week 5.
Rachaad White,RB,Questionable,Shoulder,2026-10-09,https://bsky.app/profile/insidenflnews.bsky.social/post/3mxcra4rwws2i,Sleeper + NFL Daily News,Commanders Wednesday injury report: Stefon Diggs (hamstring) - DNP Terry McLaurin (hamstring) - DNP Rachaad White (shoulder) - LP
Kyle Monangai,RB,Out,Toe,2026-10-09,https://bsky.app/profile/insidenflnews.bsky.social/post/3mxfeuvxm5s2v,Sleeper + NFL Daily News,"Fowler: Kyle Monangai (turf toe) could miss 1-2 weeks; however, he hopes to play through the injury."
Jayden Reed,WR,IR,Neck,2026-09-30,https://bsky.app/profile/insidenflnews.bsky.social/post/3mw2gq3o5ck2a,Sleeper + NFL Daily News,Schefter: Packers WR Jayden Reed injured his back Sunday. The team is still evaluating his recovery timeline.
Stefon Diggs,WR,Out,Hamstring,2026-10-09,https://bsky.app/profile/insidenflnews.bsky.social/post/3mxcra4rwws2i,Sleeper + NFL Daily News,Commanders Wednesday injury report: Stefon Diggs (hamstring) - DNP Terry McLaurin (hamstring) - DNP Rachaad White (shoulder) - LP
Isaiah Likely,TE,Questionable,Knee,2026-10-08,https://api.sleeper.app/v1/players/nfl?active=true,Sleeper,Sleeper lists Isaiah Likely as Questionable.
Baker Mayfield,QB,Out,Thumb,2026-10-09,https://api.sleeper.app/v1/players/nfl?active=true,Sleeper,Sleeper lists Baker Mayfield as Out.
Jordan Mason,RB,IR,Thumb,2026-10-09,https://api.sleeper.app/v1/players/nfl?active=true,Sleeper,Sleeper lists Jordan Mason as IR.
Jacory Croskey-Merritt,RB,Questionable,Groin,2026-10-08,https://api.sleeper.app/v1/players/nfl?active=true,Sleeper,Sleeper lists Jacory Croskey-Merritt as Questionable.
Dallas Goedert,TE,Questionable,Knee - MCL,2026-10-09,https://bsky.app/profile/insidenflnews.bsky.social/post/3mvxr6ntmkc2t,Sleeper + NFL Daily News,🚨 Status alert: Dallas Goedert (knee) questionable to return.
Tyler Shough,QB,Questionable,Hand,2026-10-08,https://api.sleeper.app/v1/players/nfl?active=true,Sleeper,Sleeper lists Tyler Shough as Questionable.
Jayden Higgins,WR,IR,Knee - ACL,2026-08-21,https://api.sleeper.app/v1/players/nfl?active=true,Sleeper,Sleeper lists Jayden Higgins as IR.
Jalen Coker,WR,Out,Quadriceps,2026-10-07,https://api.sleeper.app/v1/players/nfl?active=true,Sleeper,Sleeper lists Jalen Coker as Out.
Tyrone Tracy Jr.,RB,Questionable,Knee,2026-10-01,https://api.sleeper.app/v1/players/nfl?active=true,Sleeper,Sleeper lists Tyrone Tracy Jr. as Questionable.
Tyjae Spears,RB,Questionable,Ankle,2026-10-03,https://bsky.app/profile/insidenflnews.bsky.social/post/3mww6oh5lbc2l,Sleeper + NFL Daily News,Tony Pollard (foot) not listed on injury report for Week 4. Tyjae Spears (ankle) listed questionable but fully practices Friday.
Zach Charbonnet,RB,PUP,Knee - ACL,2026-10-10,https://api.sleeper.app/v1/players/nfl?active=true,Sleeper,Sleeper lists Zach Charbonnet as PUP.
Alvin Kamara,RB,Questionable,Back,2026-10-10,https://api.sleeper.app/v1/players/nfl?active=true,Sleeper,Sleeper lists Alvin Kamara as Questionable.
Dylan Sampson,RB,IR,Knee,2026-10-09,https://bsky.app/profile/insidenflnews.bsky.social/post/3mvleigrwok2o,Sleeper + NFL Daily News,Dylan Sampson (knee) placed on injured reserve; will miss at least 4 games.
Isiah Pacheco,RB,IR,Back,2026-09-14,https://bsky.app/profile/insidenflnews.bsky.social/post/3mvizthq7i22l,Sleeper + NFL Daily News,"Campbell: Isiah Pacheco (back) underwent surgery. ""It's going to be a while."""
Chig Okonkwo,TE,Questionable,Hamstring,2026-10-08,https://api.sleeper.app/v1/players/nfl?active=true,Sleeper,Sleeper lists Chig Okonkwo as Questionable.
Keaton Mitchell,RB,Questionable,Ankle,2026-10-01,https://api.sleeper.app/v1/players/nfl?active=true,Sleeper,Sleeper lists Keaton Mitchell as Questionable.
De'Zhaun Stribling,WR,IR,Ankle,2026-09-19,https://bsky.app/profile/insidenflnews.bsky.social/post/3mvft77ckbc2p,Sleeper + NFL Daily News,"Rap: De'Zhaun Stribling will miss ""at least"" 1 month with deltoid sprain in ankle. Surgery not currently planned but still possible."
Jonah Coleman,RB,IR,Ankle,2026-09-26,https://bsky.app/profile/insidenflnews.bsky.social/post/3mwh5bh2dpk2j,Sleeper + NFL Daily News,Schefter: Broncos RB Jonah Coleman will be placed on IR with a high-ankle sprain and will miss at least the next four games.
Tank Bigsby,RB,Out,Undisclosed,2026-10-09,https://bsky.app/profile/insidenflnews.bsky.social/post/3mxhrkxcj3c2p,NFL Daily News,Eagles ruled out in Week 5: Saquon Barkley DeVonta Smith Drew Kendall Tank Bigsby Hollywood Brown Marcus Epps
Jalen McMillan,WR,IR,Knee - PCL,2026-09-30,https://bsky.app/profile/insidenflnews.bsky.social/post/3mwqkpce32c2n,Sleeper + NFL Daily News,Buccaneers WR Jalen McMillan (knee) has been placed on IR and will miss at least 4 games.
Adonai Mitchell,WR,Out,Finger,2026-10-09,https://bsky.app/profile/insidenflnews.bsky.social/post/3mwvmfwlojc2n,Sleeper + NFL Daily News,Jets players ruled out for Week 4: Breece Hall (quad) Adonai Mitchell (finger) Mason Taylor (thumb)
Omar Cooper Jr.,WR,IR,Ankle,2026-10-09,https://api.sleeper.app/v1/players/nfl?active=true,Sleeper,Sleeper lists Omar Cooper Jr. as IR.
Dalton Schultz,TE,IR,Undisclosed,2026-08-21,https://www.fantasypros.com/nfl/news/603621/jayden-higgins-knee-officially-placed-on-season-ending-ir.php,FantasyPros News,"Jayden Higgins (knee) officially placed on season-ending IR The Houston Texans officially placed Jayden Higgins on the season-ending injured reserve with a torn ACL. This was expected after Higgins was announced to have torn his ACL in a joint practice with the Raiders on Tuesday. Nico Collins is now likely the only Houston receiver on the fantasy radar, with Tank Dell still working back to full h"
Jalen Nailor,WR,Out,Concussion,2026-10-09,https://bsky.app/profile/insidenflnews.bsky.social/post/3mxhktxjy7s2f,NFL Daily News,"Raiders WR Jalen Nailor (concussion) has been ruled out for Week 5, while WR Dont'e Thornton (hamstring) won't be activated."
Ray Davis,RB,Questionable,Hamstring,2026-10-02,https://api.sleeper.app/v1/players/nfl?active=true,Sleeper,Sleeper lists Ray Davis as Questionable.
Dontayvion Wicks,WR,Questionable,Hamstring,2026-10-09,https://api.sleeper.app/v1/players/nfl?active=true,Sleeper,Sleeper lists Dontayvion Wicks as Questionable.
Pat Bryant,WR,IR,Ankle,2026-10-10,https://bsky.app/profile/insidenflnews.bsky.social/post/3mxhqafswxs2g,Sleeper + NFL Daily News,Rap: Broncos WR Pat Bryant (ankle) will be placed on IR and will miss at least 4 games.
James Conner,RB,IR,Foot,2026-10-02,https://api.sleeper.app/v1/players/nfl?active=true,Sleeper,Sleeper lists James Conner as IR.
Chris Bell,WR,IR,Undisclosed,2026-08-17,https://www.fantasypros.com/nfl/players/injuries.php,FantasyPros Injury Report,FantasyPros lists Chris Bell as IR.
Chris Brazzell II,WR,IR,Undisclosed,2026-08-17,https://www.fantasypros.com/nfl/players/injuries.php,FantasyPros Injury Report,FantasyPros lists Chris Brazzell II as IR.
Elijah Mitchell,RB,IR,Undisclosed,2026-08-12,https://www.fantasypros.com/nfl/news/601945/elijah-mitchell-placed-on-ir.php,FantasyPros,Elijah Mitchell placed on IR The Eagles placed RB Elijah Mitchell on injured reserve. Mitchell is likely to be out for the upcoming season.
Isaac Guerendo,RB,PUP,Undisclosed,2026-08-17,https://www.fantasypros.com/nfl/players/injuries.php,FantasyPros Injury Report,FantasyPros lists Isaac Guerendo as PUP.
Luke Musgrave,TE,PUP,Undisclosed,2026-08-17,https://www.fantasypros.com/nfl/players/injuries.php,FantasyPros Injury Report,FantasyPros lists Luke Musgrave as PUP.
Michael Woods II,WR,IR,Undisclosed,2026-08-17,https://www.fantasypros.com/nfl/players/injuries.php,FantasyPros Injury Report,FantasyPros lists Michael Woods II as IR.
Myles Montgomery,RB,IR,Undisclosed,2026-08-13,https://api.sleeper.app/v1/players/nfl?active=true,Sleeper,Sleeper lists Myles Montgomery as IR.
Terrell Jennings,RB,IR,Undisclosed,2026-08-17,https://www.fantasypros.com/nfl/news/602773/terrell-jennings-released-with-injury-settlement.php,FantasyPros News,Terrell Jennings released with injury settlement The Patriots released RB Terrell Jennings with an injury settlement. Jennings was previously placed on injured reserve by New England.
