"RK","TIERS","PLAYER NAME","TEAM","POS","BYE WEEK","UPSIDE ","BUST ","SOS SEASON","ECR VS. ADP"
"1","1","Ja'Marr Chase","CIN","WR1","6","Coach Upside rating–No rating available","Coach Bust rating–No rating available","4 out of 5 stars","+2"
"2","1","Puka Nacua","LAR","WR2","11","Coach Upside rating–No rating available","Coach Bust rating–No rating available","1 out of 5 stars","+2"
"3","1","Jahmyr Gibbs","DET","RB1","6","Coach Upside rating–No rating available","Coach Bust rating–No rating available","5 out of 5 stars","-2"
"4","1","Bijan Robinson","ATL","RB2","11","Coach Upside rating–No rating available","Coach Bust rating–No rating available","2 out of 5 stars","-2"
"5","1","Jaxon Smith-Njigba","SEA","WR3","11","Coach Upside rating–No rating available","Coach Bust rating–No rating available","3 out of 5 stars","+1"
"6","1","Amon-Ra St. Brown","DET","WR4","6","Coach Upside rating–No rating available","Coach Bust rating–No rating available","4 out of 5 stars","+2"
"7","2","Christian McCaffrey","SF","RB3","8","Coach Upside rating–No rating available","Coach Bust rating–No rating available","2 out of 5 stars","-2"
"8","2","CeeDee Lamb","DAL","WR5","14","Coach Upside rating–No rating available","Coach Bust rating–No rating available","2 out of 5 stars","+4"
"9","2","Justin Jefferson","MIN","WR6","6","Coach Upside rating–No rating available","Coach Bust rating–No rating available","5 out of 5 stars","+4"
"10","2","Jonathan Taylor","IND","RB4","13","Coach Upside rating–No rating available","Coach Bust rating–No rating available","4 out of 5 stars","-3"
"11","2","Drake London","ATL","WR7","11","Coach Upside rating–No rating available","Coach Bust rating–No rating available","3 out of 5 stars","+5"
"12","3","A.J. Brown","NE","WR8","11","Coach Upside rating–No rating available","Coach Bust rating–No rating available","2 out of 5 stars","+9"
"13","3","Nico Collins","HOU","WR9","8","Coach Upside rating–No rating available","Coach Bust rating–No rating available","3 out of 5 stars","+13"
"14","3","Ashton Jeanty","LV","RB5","13","Coach Upside rating–No rating available","Coach Bust rating–No rating available","2 out of 5 stars","-3"
"15","3","Chase Brown","CIN","RB6","6","Coach Upside rating–No rating available","Coach Bust rating–No rating available","2 out of 5 stars","0"
"16","3","James Cook III","BUF","RB7","7","Coach Upside rating–No rating available","Coach Bust rating–No rating available","2 out of 5 stars","-7"
"17","3","Trey McBride","ARI","TE1","14","Coach Upside rating–No rating available","Coach Bust rating–No rating available","2 out of 5 stars","+2"
"18","3","George Pickens","DAL","WR10","14","Coach Upside rating–No rating available","Coach Bust rating–No rating available","2 out of 5 stars","+5"
"19","3","Brock Bowers","LV","TE2","13","Coach Upside rating–No rating available","Coach Bust rating–No rating available","3 out of 5 stars","+3"
"20","3","Rashee Rice","KC","WR11","5","Coach Upside rating–No rating available","Coach Bust rating–No rating available","2 out of 5 stars","+5"
"21","3","De'Von Achane","MIA","RB8","6","Coach Upside rating–No rating available","Coach Bust rating–No rating available","3 out of 5 stars","-11"
"22","3","Chris Olave","NO","WR12","8","Coach Upside rating–No rating available","Coach Bust rating–No rating available","3 out of 5 stars","+6"
"23","4","DeVonta Smith","PHI","WR13","10","Coach Upside rating–No rating available","Coach Bust rating–No rating available","4 out of 5 stars","+11"
"24","4","Omarion Hampton","LAC","RB9","7","Coach Upside rating–No rating available","Coach Bust rating–No rating available","3 out of 5 stars","-7"
"25","4","Saquon Barkley","PHI","RB10","10","Coach Upside rating–No rating available","Coach Bust rating–No rating available","4 out of 5 stars","-11"
"26","4","Josh Allen","BUF","QB1","7","Coach Upside rating–No rating available","Coach Bust rating–No rating available","3 out of 5 stars","+1"
"27","4","Zay Flowers","BAL","WR14","13","Coach Upside rating–No rating available","Coach Bust rating–No rating available","4 out of 5 stars","+9"
"28","4","Kenneth Walker III","KC","RB11","5","Coach Upside rating–No rating available","Coach Bust rating–No rating available","3 out of 5 stars","-8"
"29","4","Garrett Wilson","NYJ","WR15","13","Coach Upside rating–No rating available","Coach Bust rating–No rating available","4 out of 5 stars","+10"
"30","4","Malik Nabers","NYG","WR16","8","Coach Upside rating–No rating available","Coach Bust rating–No rating available","4 out of 5 stars","0"
"31","4","Lamar Jackson","BAL","QB2","13","Coach Upside rating–No rating available","Coach Bust rating–No rating available","3 out of 5 stars","+11"
"32","4","Tetairoa McMillan","CAR","WR17","5","Coach Upside rating–No rating available","Coach Bust rating–No rating available","2 out of 5 stars","+8"
"33","4","Tee Higgins","CIN","WR18","6","Coach Upside rating–No rating available","Coach Bust rating–No rating available","4 out of 5 stars","+8"
"34","4","Ladd McConkey","LAC","WR19","7","Coach Upside rating–No rating available","Coach Bust rating–No rating available","2 out of 5 stars","+12"
"35","5","Colston Loveland","CHI","TE3","10","Coach Upside rating–No rating available","Coach Bust rating–No rating available","2 out of 5 stars","+8"
"36","5","Emeka Egbuka","TB","WR20","10","Coach Upside rating–No rating available","Coach Bust rating–No rating available","4 out of 5 stars","+2"
"37","5","Derrick Henry","BAL","RB12","13","Coach Upside rating–No rating available","Coach Bust rating–No rating available","3 out of 5 stars","-19"
"38","5","Jaylen Waddle","DEN","WR21","10","Coach Upside rating–No rating available","Coach Bust rating–No rating available","2 out of 5 stars","+10"
"39","5","Jeremiyah Love","ARI","RB13","14","Coach Upside rating–No rating available","Coach Bust rating–No rating available","2 out of 5 stars","-15"
"40","5","Drake Maye","NE","QB3","11","Coach Upside rating–No rating available","Coach Bust rating–No rating available","2 out of 5 stars","+12"
"41","5","Breece Hall","NYJ","RB14","13","Coach Upside rating–No rating available","Coach Bust rating–No rating available","3 out of 5 stars","-9"
"42","5","Kyren Williams","LAR","RB15","11","Coach Upside rating–No rating available","Coach Bust rating–No rating available","5 out of 5 stars","-11"
"43","5","Josh Jacobs","GB","RB16","11","Coach Upside rating–No rating available","Coach Bust rating–No rating available","4 out of 5 stars","-14"
"44","5","Terry McLaurin","WAS","WR22","7","Coach Upside rating–No rating available","Coach Bust rating–No rating available","2 out of 5 stars","+9"
"45","5","Luther Burden III","CHI","WR23","10","Coach Upside rating–No rating available","Coach Bust rating–No rating available","3 out of 5 stars","+2"
"46","5","Javonte Williams","DAL","RB17","14","Coach Upside rating–No rating available","Coach Bust rating–No rating available","4 out of 5 stars","-13"
"47","5","Joe Burrow","CIN","QB4","6","Coach Upside rating–No rating available","Coach Bust rating–No rating available","3 out of 5 stars","+9"
"48","5","Davante Adams","LAR","WR24","11","Coach Upside rating–No rating available","Coach Bust rating–No rating available","1 out of 5 stars","+1"
"49","5","Travis Etienne Jr.","NO","RB18","8","Coach Upside rating–No rating available","Coach Bust rating–No rating available","3 out of 5 stars","-12"
"50","5","Jayden Daniels","WAS","QB5","7","Coach Upside rating–No rating available","Coach Bust rating–No rating available","2 out of 5 stars","+10"
"51","5","Mike Evans","SF","WR25","8","Coach Upside rating–No rating available","Coach Bust rating–No rating available","2 out of 5 stars","+11"
"52","5","DJ Moore","BUF","WR26","7","Coach Upside rating–No rating available","Coach Bust rating–No rating available","4 out of 5 stars","+6"
"53","5","Cam Skattebo","NYG","RB19","8","Coach Upside rating–No rating available","Coach Bust rating–No rating available","4 out of 5 stars","-18"
"54","6","Tyler Warren","IND","TE4","13","Coach Upside rating–No rating available","Coach Bust rating–No rating available","3 out of 5 stars","-3"
"55","6","Jameson Williams","DET","WR27","6","Coach Upside rating–No rating available","Coach Bust rating–No rating available","4 out of 5 stars","+2"
"56","6","Jalen Hurts","PHI","QB6","10","Coach Upside rating–No rating available","Coach Bust rating–No rating available","5 out of 5 stars","+8"
"57","6","Christian Watson","GB","WR28","11","Coach Upside rating–No rating available","Coach Bust rating–No rating available","5 out of 5 stars","+11"
"58","6","Rome Odunze","CHI","WR29","10","Coach Upside rating–No rating available","Coach Bust rating–No rating available","3 out of 5 stars","+3"
"59","6","Bucky Irving","TB","RB20","10","Coach Upside rating–No rating available","Coach Bust rating–No rating available","2 out of 5 stars","-15"
"60","6","D'Andre Swift","CHI","RB21","10","Coach Upside rating–No rating available","Coach Bust rating–No rating available","2 out of 5 stars","-5"
"61","6","Quinshon Judkins","CLE","RB22","11","Coach Upside rating–No rating available","Coach Bust rating–No rating available","3 out of 5 stars","-16"
"62","6","David Montgomery","HOU","RB23","8","Coach Upside rating–No rating available","Coach Bust rating–No rating available","4 out of 5 stars","-8"
"63","6","TreVeyon Henderson","NE","RB24","11","Coach Upside rating–No rating available","Coach Bust rating–No rating available","2 out of 5 stars","-13"
"64","6","Carnell Tate","TEN","WR30","9","Coach Upside rating–No rating available","Coach Bust rating–No rating available","3 out of 5 stars","+2"
"65","6","Caleb Williams","CHI","QB7","10","Coach Upside rating–No rating available","Coach Bust rating–No rating available","3 out of 5 stars","+14"
"66","6","Bhayshul Tuten","JAC","RB25","7","Coach Upside rating–No rating available","Coach Bust rating–No rating available","4 out of 5 stars","-7"
"67","6","Justin Herbert","LAC","QB8","7","Coach Upside rating–No rating available","Coach Bust rating–No rating available","2 out of 5 stars","+21"
"68","6","Marvin Harrison Jr.","ARI","WR31","14","Coach Upside rating–No rating available","Coach Bust rating–No rating available","2 out of 5 stars","+1"
"69","6","Harold Fannin Jr.","CLE","TE5","11","Coach Upside rating–No rating available","Coach Bust rating–No rating available","3 out of 5 stars","-4"
"70","6","Tucker Kraft","GB","TE6","11","Coach Upside rating–No rating available","Coach Bust rating–No rating available","2 out of 5 stars","+2"
"71","7","Jaylen Warren","PIT","RB26","9","Coach Upside rating–No rating available","Coach Bust rating–No rating available","2 out of 5 stars","-1"
"72","7","Jadarian Price","SEA","RB27","11","Coach Upside rating–No rating available","Coach Bust rating–No rating available","4 out of 5 stars","-9"
"73","7","Brian Thomas Jr.","JAC","WR32","7","Coach Upside rating–No rating available","Coach Bust rating–No rating available","4 out of 5 stars","+2"
"74","7","Parker Washington","JAC","WR33","7","Coach Upside rating–No rating available","Coach Bust rating–No rating available","4 out of 5 stars","+9"
"75","7","DK Metcalf","PIT","WR34","9","Coach Upside rating–No rating available","Coach Bust rating–No rating available","3 out of 5 stars","+1"
"76","7","Trevor Lawrence","JAC","QB9","7","Coach Upside rating–No rating available","Coach Bust rating–No rating available","4 out of 5 stars","+13"
"77","7","Dak Prescott","DAL","QB10","14","Coach Upside rating–No rating available","Coach Bust rating–No rating available","2 out of 5 stars","+1"
"78","7","Chris Godwin Jr.","TB","WR35","10","Coach Upside rating–No rating available","Coach Bust rating–No rating available","4 out of 5 stars","+18"
"79","7","Kyle Pitts Sr.","ATL","TE7","11","Coach Upside rating–No rating available","Coach Bust rating–No rating available","3 out of 5 stars","-12"
"80","7","Rhamondre Stevenson","NE","RB28","11","Coach Upside rating–No rating available","Coach Bust rating–No rating available","2 out of 5 stars","+2"
"81","7","Michael Pittman Jr.","PIT","WR36","9","Coach Upside rating–No rating available","Coach Bust rating–No rating available","3 out of 5 stars","+13"
"82","7","Alec Pierce","IND","WR37","13","Coach Upside rating–No rating available","Coach Bust rating–No rating available","4 out of 5 stars","-2"
"83","7","Tony Pollard","TEN","RB29","9","Coach Upside rating–No rating available","Coach Bust rating–No rating available","3 out of 5 stars","-10"
"84","7","Courtland Sutton","DEN","WR38","10","Coach Upside rating–No rating available","Coach Bust rating–No rating available","2 out of 5 stars","-10"
"85","7","Sam LaPorta","DET","TE8","6","Coach Upside rating–No rating available","Coach Bust rating–No rating available","3 out of 5 stars","-14"
"86","7","Chuba Hubbard","CAR","RB30","5","Coach Upside rating–No rating available","Coach Bust rating–No rating available","1 out of 5 stars","-2"
"87","7","Josh Downs","IND","WR39","13","Coach Upside rating–No rating available","Coach Bust rating–No rating available","4 out of 5 stars","+24"
"88","7","Wan'Dale Robinson","TEN","WR40","9","Coach Upside rating–No rating available","Coach Bust rating–No rating available","3 out of 5 stars","+3"
"89","7","Jordyn Tyson","NO","WR41","8","Coach Upside rating–No rating available","Coach Bust rating–No rating available","3 out of 5 stars","-4"
"90","7","Rico Dowdle","PIT","RB31","9","Coach Upside rating–No rating available","Coach Bust rating–No rating available","2 out of 5 stars","-9"
"91","7","Michael Wilson","ARI","WR42","14","Coach Upside rating–No rating available","Coach Bust rating–No rating available","2 out of 5 stars","-4"
"92","7","Jaxson Dart","NYG","QB11","8","Coach Upside rating–No rating available","Coach Bust rating–No rating available","4 out of 5 stars","-6"
"93","7","RJ Harvey","DEN","RB32","10","Coach Upside rating–No rating available","Coach Bust rating–No rating available","2 out of 5 stars","-16"
"94","7","Brock Purdy","SF","QB12","8","Coach Upside rating–No rating available","Coach Bust rating–No rating available","1 out of 5 stars","+8"
"95","7","Travis Kelce","KC","TE9","5","Coach Upside rating–No rating available","Coach Bust rating–No rating available","4 out of 5 stars","+5"
"96","8","Kenny Gainwell","TB","RB33","10","Coach Upside rating–No rating available","Coach Bust rating–No rating available","2 out of 5 stars","+3"
"97","8","Quentin Johnston","LAC","WR43","7","Coach Upside rating–No rating available","Coach Bust rating–No rating available","2 out of 5 stars","+8"
"98","8","Jakobi Meyers","JAC","WR44","7","Coach Upside rating–No rating available","Coach Bust rating–No rating available","4 out of 5 stars","0"
"99","8","Makai Lemon","PHI","WR45","10","Coach Upside rating–No rating available","Coach Bust rating–No rating available","4 out of 5 stars","-4"
"100","8","Bo Nix","DEN","QB13","10","Coach Upside rating–No rating available","Coach Bust rating–No rating available","3 out of 5 stars","+15"
"101","8","Patrick Mahomes II","KC","QB14","5","Coach Upside rating–No rating available","Coach Bust rating–No rating available","2 out of 5 stars","0"
"102","8","J.K. Dobbins","DEN","RB34","10","Coach Upside rating–No rating available","Coach Bust rating–No rating available","2 out of 5 stars","-12"
"103","8","Matthew Stafford","LAR","QB15","11","Coach Upside rating–No rating available","Coach Bust rating–No rating available","3 out of 5 stars","-6"
"104","8","Kyle Monangai","CHI","RB35","10","Coach Upside rating–No rating available","Coach Bust rating–No rating available","2 out of 5 stars","-11"
"105","8","George Kittle","SF","TE10","8","Coach Upside rating–No rating available","Coach Bust rating–No rating available","3 out of 5 stars","-13"
"106","8","Rachaad White","WAS","RB36","7","Coach Upside rating–No rating available","Coach Bust rating–No rating available","4 out of 5 stars","0"
"107","8","Jared Goff","DET","QB16","6","Coach Upside rating–No rating available","Coach Bust rating–No rating available","5 out of 5 stars","+14"
"108","8","Jordan Addison","MIN","WR46","6","Coach Upside rating–No rating available","Coach Bust rating–No rating available","5 out of 5 stars","0"
"109","8","Jayden Reed","GB","WR47","11","Coach Upside rating–No rating available","Coach Bust rating–No rating available","5 out of 5 stars","+9"
"110","8","Blake Corum","LAR","RB37","11","Coach Upside rating–No rating available","Coach Bust rating–No rating available","5 out of 5 stars","-6"
"111","8","Jake Ferguson","DAL","TE11","14","Coach Upside rating–No rating available","Coach Bust rating–No rating available","2 out of 5 stars","+2"
"112","8","Aaron Jones Sr.","MIN","RB38","6","Coach Upside rating–No rating available","Coach Bust rating–No rating available","4 out of 5 stars","-2"
"113","8","Kyler Murray","MIN","QB17","6","Coach Upside rating–No rating available","Coach Bust rating–No rating available","5 out of 5 stars","+20"
"114","8","Dalton Kincaid","BUF","TE12","7","Coach Upside rating–No rating available","Coach Bust rating–No rating available","3 out of 5 stars","+10"
"115","8","Jonathon Brooks","CAR","RB39","5","Coach Upside rating–No rating available","Coach Bust rating–No rating available","1 out of 5 stars","-8"
"116","8","Baker Mayfield","TB","QB18","10","Coach Upside rating–No rating available","Coach Bust rating–No rating available","2 out of 5 stars","+15"
"117","8","Jordan Love","GB","QB19","11","Coach Upside rating–No rating available","Coach Bust rating–No rating available","4 out of 5 stars","+26"
"118","8","Jayden Higgins","HOU","WR48","8","Coach Upside rating–No rating available","Coach Bust rating–No rating available","3 out of 5 stars","+17"
"119","8","Isaiah Likely","NYG","TE13","8","Coach Upside rating–No rating available","Coach Bust rating–No rating available","3 out of 5 stars","-10"
"120","8","Khalil Shakir","BUF","WR49","7","Coach Upside rating–No rating available","Coach Bust rating–No rating available","4 out of 5 stars","+10"
"121","8","Jacory Croskey-Merritt","WAS","RB40","7","Coach Upside rating–No rating available","Coach Bust rating–No rating available","4 out of 5 stars","-5"
"122","8","Tyler Shough","NO","QB20","8","Coach Upside rating–No rating available","Coach Bust rating–No rating available","3 out of 5 stars","+20"
"123","8","Dallas Goedert","PHI","TE14","10","Coach Upside rating–No rating available","Coach Bust rating–No rating available","4 out of 5 stars","-11"
"124","8","Xavier Worthy","KC","WR50","5","Coach Upside rating–No rating available","Coach Bust rating–No rating available","2 out of 5 stars","+3"
"125","8","Jordan Mason","MIN","RB41","6","Coach Upside rating–No rating available","Coach Bust rating–No rating available","4 out of 5 stars","-5"
"126","8","Mark Andrews","BAL","TE15","13","Coach Upside rating–No rating available","Coach Bust rating–No rating available","4 out of 5 stars","-4"
"127","8","Romeo Doubs","NE","WR51","11","Coach Upside rating–No rating available","Coach Bust rating–No rating available","2 out of 5 stars","-1"
"128","8","Jalen Coker","CAR","WR52","5","Coach Upside rating–No rating available","Coach Bust rating–No rating available","2 out of 5 stars","+12"
"129","8","Malik Willis","MIA","QB21","6","Coach Upside rating–No rating available","Coach Bust rating–No rating available","3 out of 5 stars","+27"
"130","9","Tyrone Tracy Jr.","NYG","RB42","8","Coach Upside rating–No rating available","Coach Bust rating–No rating available","4 out of 5 stars","+6"
"131","9","KC Concepcion","CLE","WR53","11","Coach Upside rating–No rating available","Coach Bust rating–No rating available","3 out of 5 stars","-2"
"132","9","Matthew Golden","GB","WR54","11","Coach Upside rating–No rating available","Coach Bust rating–No rating available","5 out of 5 stars","-7"
"133","9","Woody Marks","HOU","RB43","8","Coach Upside rating–No rating available","Coach Bust rating–No rating available","4 out of 5 stars","-1"
"134","9","Tyler Allgeier","ARI","RB44","14","Coach Upside rating–No rating available","Coach Bust rating–No rating available","2 out of 5 stars","+15"
"135","9","Sam Darnold","SEA","QB22","11","Coach Upside rating–No rating available","Coach Bust rating–No rating available","4 out of 5 stars","+53"
"136","9","C.J. Stroud","HOU","QB23","8","Coach Upside rating–No rating available","Coach Bust rating–No rating available","4 out of 5 stars","+38"
"137","9","Tyjae Spears","TEN","RB45","9","Coach Upside rating–No rating available","Coach Bust rating–No rating available","3 out of 5 stars","+13"
"138","9","Chris Rodriguez Jr.","JAC","RB46","7","Coach Upside rating–No rating available","Coach Bust rating–No rating available","4 out of 5 stars","+6"
"139","9","Rashid Shaheed","SEA","WR55","11","Coach Upside rating–No rating available","Coach Bust rating–No rating available","3 out of 5 stars","+2"
"140","9","Alvin Kamara","NO","RB47","8","Coach Upside rating–No rating available","Coach Bust rating–No rating available","3 out of 5 stars","-1"
"141","9","Juwan Johnson","NO","TE16","8","Coach Upside rating–No rating available","Coach Bust rating–No rating available","2 out of 5 stars","+7"
"142","9","Zach Charbonnet","SEA","RB48","11","Coach Upside rating–No rating available","Coach Bust rating–No rating available","4 out of 5 stars","-14"
"143","9","Dylan Sampson","CLE","RB49","11","Coach Upside rating–No rating available","Coach Bust rating–No rating available","3 out of 5 stars","+46"
"144","9","Chig Okonkwo","WAS","TE17","7","Coach Upside rating–No rating available","Coach Bust rating–No rating available","1 out of 5 stars","+14"
"145","9","Daniel Jones","IND","QB24","13","Coach Upside rating–No rating available","Coach Bust rating–No rating available","4 out of 5 stars","+30"
"146","9","Isiah Pacheco","DET","RB50","6","Coach Upside rating–No rating available","Coach Bust rating–No rating available","5 out of 5 stars","+1"
"147","9","Cam Ward","TEN","QB25","9","Coach Upside rating–No rating available","Coach Bust rating–No rating available","3 out of 5 stars","+37"
"148","9","Brenton Strange","JAC","TE18","7","Coach Upside rating–No rating available","Coach Bust rating–No rating available","3 out of 5 stars","+5"
"149","9","Jauan Jennings","MIN","WR56","6","Coach Upside rating–No rating available","Coach Bust rating–No rating available","5 out of 5 stars","+22"
"150","9","Keaton Mitchell","LAC","RB51","7","Coach Upside rating–No rating available","Coach Bust rating–No rating available","3 out of 5 stars","+31"
"151","9","Deebo Samuel Sr.","SF","WR57","8","Coach Upside rating–No rating available","Coach Bust rating–No rating available","2 out of 5 stars","-17"
"152","9","Jerry Jeudy","CLE","WR58","11","Coach Upside rating–No rating available","Coach Bust rating–No rating available","3 out of 5 stars","+14"
"153","9","Denzel Boston","CLE","WR59","11","Coach Upside rating–No rating available","Coach Bust rating–No rating available","3 out of 5 stars","+11"
"154","9","Hunter Henry","NE","TE19","11","Coach Upside rating–No rating available","Coach Bust rating–No rating available","4 out of 5 stars","-2"
"155","9","Bryce Young","CAR","QB26","5","Coach Upside rating–No rating available","Coach Bust rating–No rating available","2 out of 5 stars","+47"
"156","9","Adonai Mitchell","NYJ","WR60","13","Coach Upside rating–No rating available","Coach Bust rating–No rating available","4 out of 5 stars","+52"
"157","9","Omar Cooper Jr.","NYJ","WR61","13","Coach Upside rating–No rating available","Coach Bust rating–No rating available","4 out of 5 stars","+28"
"158","9","Stefon Diggs","WAS","WR62","7","Coach Upside rating–No rating available","Coach Bust rating–No rating available","2 out of 5 stars","-21"
"159","9","Jalen McMillan","TB","WR63","10","Coach Upside rating–No rating available","Coach Bust rating–No rating available","4 out of 5 stars","+4"
"160","9","Jonah Coleman","DEN","RB52","10","Coach Upside rating–No rating available","Coach Bust rating–No rating available","2 out of 5 stars","+26"
"161","9","Brian Robinson Jr.","ATL","RB53","11","Coach Upside rating–No rating available","Coach Bust rating–No rating available","2 out of 5 stars","-4"
"162","9","Tank Bigsby","PHI","RB54","10","Coach Upside rating–No rating available","Coach Bust rating–No rating available","4 out of 5 stars","+7"
"163","9","Oronde Gadsden II","LAC","TE20","7","Coach Upside rating–No rating available","Coach Bust rating–No rating available","4 out of 5 stars","-2"
"164","9","Houston Texans","HOU","DST1","8","Coach Upside rating–No rating available","Coach Bust rating–No rating available","2 out of 5 stars","-61"
"165","9","Tre Tucker","LV","WR64","13","Coach Upside rating–No rating available","Coach Bust rating–No rating available","2 out of 5 stars","+8"
"166","9","Travis Hunter","JAC","WR65","7","Coach Upside rating–No rating available","Coach Bust rating–No rating available","4 out of 5 stars","+45"
"167","10","Dalton Schultz","HOU","TE21","8","Coach Upside rating–No rating available","Coach Bust rating–No rating available","4 out of 5 stars","+9"
"168","10","Tre' Harris","LAC","WR66","7","Coach Upside rating–No rating available","Coach Bust rating–No rating available","2 out of 5 stars","+58"
"169","10","Denver Broncos","DEN","DST2","10","Coach Upside rating–No rating available","Coach Bust rating–No rating available","4 out of 5 stars","-55"
"170","10","Jacoby Brissett","ARI","QB27","14","Coach Upside rating–No rating available","Coach Bust rating–No rating available","2 out of 5 stars","+69"
"171","10","Braelon Allen","NYJ","RB55","13","Coach Upside rating–No rating available","Coach Bust rating–No rating available","3 out of 5 stars","+22"
"172","10","Ryan Flournoy","DAL","WR67","14","Coach Upside rating–No rating available","Coach Bust rating–No rating available","2 out of 5 stars","+93"
"173","10","De'Zhaun Stribling","SF","WR68","8","Coach Upside rating–No rating available","Coach Bust rating–No rating available","2 out of 5 stars","+4"
"174","10","T.J. Hockenson","MIN","TE22","6","Coach Upside rating–No rating available","Coach Bust rating–No rating available","4 out of 5 stars","-19"
"175","10","Seattle Seahawks","SEA","DST3","11","Coach Upside rating–No rating available","Coach Bust rating–No rating available","2 out of 5 stars","-52"
"176","10","Los Angeles Rams","LAR","DST4","11","Coach Upside rating–No rating available","Coach Bust rating–No rating available","2 out of 5 stars","-59"
"177","10","Philadelphia Eagles","PHI","DST5","10","Coach Upside rating–No rating available","Coach Bust rating–No rating available","0 out of 5 stars","-39"
"178","10","Kayshon Boutte","NE","WR69","11","Coach Upside rating–No rating available","Coach Bust rating–No rating available","2 out of 5 stars","+16"
"179","10","Kimani Vidal","LAC","RB56","7","Coach Upside rating–No rating available","Coach Bust rating–No rating available","3 out of 5 stars","+24"
"180","10","Jalen Nailor","LV","WR70","13","Coach Upside rating–No rating available","Coach Bust rating–No rating available","2 out of 5 stars","-12"
"181","10","Sean Tucker","TB","RB57","10","Coach Upside rating–No rating available","Coach Bust rating–No rating available","2 out of 5 stars","+51"
"182","10","Calvin Ridley","TEN","WR71","9","Coach Upside rating–No rating available","Coach Bust rating–No rating available","3 out of 5 stars","0"
"183","10","Troy Franklin","DEN","WR72","10","Coach Upside rating–No rating available","Coach Bust rating–No rating available","2 out of 5 stars","+76"
"184","10","Ray Davis","BUF","RB58","7","Coach Upside rating–No rating available","Coach Bust rating–No rating available","2 out of 5 stars","+51"
"185","10","James Conner","ARI","RB59","14","Coach Upside rating–No rating available","Coach Bust rating–No rating available","2 out of 5 stars","+11"
"187","10","Dontayvion Wicks","PHI","WR73","10","Coach Upside rating–No rating available","Coach Bust rating–No rating available","4 out of 5 stars","+80"
"188","10","Emmett Johnson","KC","RB60","5","Coach Upside rating–No rating available","Coach Bust rating–No rating available","3 out of 5 stars","+7"
"189","10","Minnesota Vikings","MIN","DST6","6","Coach Upside rating–No rating available","Coach Bust rating–No rating available","1 out of 5 stars","-29"
"190","10","Jaylin Noel","HOU","WR74","8","Coach Upside rating–No rating available","Coach Bust rating–No rating available","3 out of 5 stars","+102"
"191","10","AJ Barner","SEA","TE23","11","Coach Upside rating–No rating available","Coach Bust rating–No rating available","3 out of 5 stars","+8"
"192","10","Malik Washington","MIA","WR75","6","Coach Upside rating–No rating available","Coach Bust rating–No rating available","3 out of 5 stars","+54"
"193","10","Pittsburgh Steelers","PIT","DST7","9","Coach Upside rating–No rating available","Coach Bust rating–No rating available","5 out of 5 stars","-31"
"194","10","New England Patriots","NE","DST8","11","Coach Upside rating–No rating available","Coach Bust rating–No rating available","3 out of 5 stars","-35"
"195","10","Jacksonville Jaguars","JAC","DST9","7","Coach Upside rating–No rating available","Coach Bust rating–No rating available","3 out of 5 stars","-23"
"196","10","Kenyon Sadiq","NYJ","TE24","13","Coach Upside rating–No rating available","Coach Bust rating–No rating available","4 out of 5 stars","-42"
"197","10","Los Angeles Chargers","LAC","DST10","7","Coach Upside rating–No rating available","Coach Bust rating–No rating available","3 out of 5 stars","-18"
"200","10","Darnell Mooney","NYG","WR76","8","Coach Upside rating–No rating available","Coach Bust rating–No rating available","4 out of 5 stars","+10"
"201","10","Pat Bryant","DEN","WR77","10","Coach Upside rating–No rating available","Coach Bust rating–No rating available","2 out of 5 stars","+105"
"202","10","Isaac TeSlaa","DET","WR78","6","Coach Upside rating–No rating available","Coach Bust rating–No rating available","4 out of 5 stars","+29"
"203","10","Gunnar Helm","TEN","TE25","9","Coach Upside rating–No rating available","Coach Bust rating–No rating available","3 out of 5 stars","+40"
"204","10","Antonio Williams","WAS","WR79","7","Coach Upside rating–No rating available","Coach Bust rating–No rating available","2 out of 5 stars","+1"
"206","10","Mike Washington Jr.","LV","RB61","13","Coach Upside rating–No rating available","Coach Bust rating–No rating available","2 out of 5 stars","+21"
"207","11","Baltimore Ravens","BAL","DST11","13","Coach Upside rating–No rating available","Coach Bust rating–No rating available","5 out of 5 stars","-40"
"209","11","Emanuel Wilson","SEA","RB62","11","Coach Upside rating–No rating available","Coach Bust rating–No rating available","4 out of 5 stars","-2"
"210","11","Nicholas Singleton","TEN","RB63","9","Coach Upside rating–No rating available","Coach Bust rating–No rating available","3 out of 5 stars","-1"
"211","11","Rashod Bateman","BAL","WR80","13","Coach Upside rating–No rating available","Coach Bust rating–No rating available","4 out of 5 stars","+36"
"213","11","Aaron Rodgers","PIT","QB28","9","Coach Upside rating–No rating available","Coach Bust rating–No rating available","2 out of 5 stars","+29"
"214","11","Geno Smith","NYJ","QB29","13","Coach Upside rating–No rating available","Coach Bust rating–No rating available","4 out of 5 stars","+147"
"215","11","Cooper Kupp","SEA","WR81","11","Coach Upside rating–No rating available","Coach Bust rating–No rating available","3 out of 5 stars","+2"
"217","11","Tank Dell","HOU","WR82","8","Coach Upside rating–No rating available","Coach Bust rating–No rating available","3 out of 5 stars","-39"
"218","11","Green Bay Packers","GB","DST12","11","Coach Upside rating–No rating available","Coach Bust rating–No rating available","2 out of 5 stars","-12"
"219","11","Kansas City Chiefs","KC","DST13","5","Coach Upside rating–No rating available","Coach Bust rating–No rating available","3 out of 5 stars","-7"
"221","11","MarShawn Lloyd","GB","RB64","11","Coach Upside rating–No rating available","Coach Bust rating–No rating available","4 out of 5 stars","+39"
"222","11","Kaytron Allen","WAS","RB65","7","Coach Upside rating–No rating available","Coach Bust rating–No rating available","4 out of 5 stars","+16"
"223","11","Detroit Lions","DET","DST14","6","Coach Upside rating–No rating available","Coach Bust rating–No rating available","5 out of 5 stars","-40"
"226","11","Pat Freiermuth","PIT","TE26","9","Coach Upside rating–No rating available","Coach Bust rating–No rating available","2 out of 5 stars","+2"
"228","11","Zachariah Branch","ATL","WR83","11","Coach Upside rating–No rating available","Coach Bust rating–No rating available","3 out of 5 stars","+5"
"229","11","Jaydon Blue","DAL","RB66","14","Coach Upside rating–No rating available","Coach Bust rating–No rating available","4 out of 5 stars","+15"
"230","11","Cade Otton","TB","TE27","10","Coach Upside rating–No rating available","Coach Bust rating–No rating available","2 out of 5 stars","-17"
"231","11","Terrance Ferguson","LAR","TE28","11","Coach Upside rating–No rating available","Coach Bust rating–No rating available","4 out of 5 stars","-17"
"232","11","Chimere Dike","TEN","WR84","9","Coach Upside rating–No rating available","Coach Bust rating–No rating available","3 out of 5 stars","+90"
"233","11","Cleveland Browns","CLE","DST15","11","Coach Upside rating–No rating available","Coach Bust rating–No rating available","5 out of 5 stars","-36"
"234","11","Germie Bernard","PIT","WR85","9","Coach Upside rating–No rating available","Coach Bust rating–No rating available","3 out of 5 stars","+39"
"235","11","Jaylen Wright","MIA","RB67","6","Coach Upside rating–No rating available","Coach Bust rating–No rating available","3 out of 5 stars","+15"
"238","11","Greg Dulcich","MIA","TE29","6","Coach Upside rating–No rating available","Coach Bust rating–No rating available","5 out of 5 stars","-14"
"239","11","Buffalo Bills","BUF","DST16","7","Coach Upside rating–No rating available","Coach Bust rating–No rating available","3 out of 5 stars","-41"
"240","11","Jack Bech","LV","WR86","13","Coach Upside rating–No rating available","Coach Bust rating–No rating available","2 out of 5 stars","+12"
"241","11","Ollie Gordon II","MIA","RB68","6","Coach Upside rating–No rating available","Coach Bust rating–No rating available","3 out of 5 stars","+132"
"242","11","Keon Coleman","BUF","WR87","7","Coach Upside rating–No rating available","Coach Bust rating–No rating available","4 out of 5 stars","+60"
"243","11","Elic Ayomanor","TEN","WR88","9","Coach Upside rating–No rating available","Coach Bust rating–No rating available","3 out of 5 stars","+39"
"244","11","Justice Hill","BAL","RB69","13","Coach Upside rating–No rating available","Coach Bust rating–No rating available","3 out of 5 stars","-21"
"245","11","David Njoku","LAC","TE30","7","Coach Upside rating–No rating available","Coach Bust rating–No rating available","4 out of 5 stars","-41"
"247","11","Evan Engram","DEN","TE31","10","Coach Upside rating–No rating available","Coach Bust rating–No rating available","4 out of 5 stars","+89"
"249","11","Fernando Mendoza","LV","QB30","13","Coach Upside rating–No rating available","Coach Bust rating–No rating available","1 out of 5 stars","-33"
"250","11","Tua Tagovailoa","ATL","QB31","11","Coach Upside rating–No rating available","Coach Bust rating–No rating available","4 out of 5 stars","+48"
"251","11","Colby Parkinson","LAR","TE32","11","Coach Upside rating–No rating available","Coach Bust rating–No rating available","4 out of 5 stars","+18"
"252","12","Isaiah Davis","NYJ","RB70","13","Coach Upside rating–No rating available","Coach Bust rating–No rating available","3 out of 5 stars","+171"
"253","12","Tory Horton","SEA","WR89","11","Coach Upside rating–No rating available","Coach Bust rating–No rating available","3 out of 5 stars","+50"
"254","12","George Holani","SEA","RB71","11","Coach Upside rating–No rating available","Coach Bust rating–No rating available","4 out of 5 stars","+14"
"255","12","Elijah Sarratt","BAL","WR90","13","Coach Upside rating–No rating available","Coach Bust rating–No rating available","4 out of 5 stars","+79"
"256","12","Chris Bell","MIA","WR91","6","Coach Upside rating–No rating available","Coach Bust rating–No rating available","3 out of 5 stars","+45"
"257","12","Malachi Fields","NYG","WR92","8","Coach Upside rating–No rating available","Coach Bust rating–No rating available","4 out of 5 stars","-23"
"258","12","Ty Johnson","BUF","RB72","7","Coach Upside rating–No rating available","Coach Bust rating–No rating available","2 out of 5 stars","+30"
"259","12","Demond Claiborne","MIN","RB73","6","Coach Upside rating–No rating available","Coach Bust rating–No rating available","4 out of 5 stars","+5"
"260","12","Christian Kirk","SF","WR93","8","Coach Upside rating–No rating available","Coach Bust rating–No rating available","2 out of 5 stars","-3"
"261","12","Jordan James","SF","RB74","8","Coach Upside rating–No rating available","Coach Bust rating–No rating available","2 out of 5 stars","-32"
"262","12","Ted Hurst III","TB","WR94","10","Coach Upside rating–No rating available","Coach Bust rating–No rating available","4 out of 5 stars","+14"
"263","12","Eli Stowers","PHI","TE33","10","Coach Upside rating–No rating available","Coach Bust rating–No rating available","4 out of 5 stars","-15"
"264","12","Darius Slayton","NYG","WR95","8","Coach Upside rating–No rating available","Coach Bust rating–No rating available","4 out of 5 stars","+134"
"265","12","DJ Giddens","IND","RB75","13","Coach Upside rating–No rating available","Coach Bust rating–No rating available","4 out of 5 stars","+35"
"267","12","Tyquan Thornton","KC","WR96","5","Coach Upside rating–No rating available","Coach Bust rating–No rating available","2 out of 5 stars","+168"
"268","12","Chris Brooks","GB","RB76","11","Coach Upside rating–No rating available","Coach Bust rating–No rating available","4 out of 5 stars","+116"
"269","12","Mason Taylor","NYJ","TE34","13","Coach Upside rating–No rating available","Coach Bust rating–No rating available","4 out of 5 stars","-3"
"270","12","Marvin Mims Jr.","DEN","WR97","10","Coach Upside rating–No rating available","Coach Bust rating–No rating available","2 out of 5 stars","+27"
"271","12","Xavier Legette","CAR","WR98","5","Coach Upside rating–No rating available","Coach Bust rating–No rating available","2 out of 5 stars","+133"
"272","12","Samaje Perine","CIN","RB77","6","Coach Upside rating–No rating available","Coach Bust rating–No rating available","2 out of 5 stars","+8"
"273","12","Theo Johnson","NYG","TE35","8","Coach Upside rating–No rating available","Coach Bust rating–No rating available","3 out of 5 stars","+47"
"274","12","Brandon Aiyuk","SF","WR99","8","Coach Upside rating–No rating available","Coach Bust rating–No rating available","2 out of 5 stars","-34"
"276","12","LeQuint Allen Jr.","JAC","RB78","7","Coach Upside rating–No rating available","Coach Bust rating–No rating available","4 out of 5 stars","-2"
"277","12","Trey Benson","ARI","RB79","14","Coach Upside rating–No rating available","Coach Bust rating–No rating available","2 out of 5 stars","+2"
"278","12","Devaughn Vele","NO","WR100","8","Coach Upside rating–No rating available","Coach Bust rating–No rating available","3 out of 5 stars","+80"
"279","12","Michael Penix Jr.","ATL","QB32","11","Coach Upside rating–No rating available","Coach Bust rating–No rating available","4 out of 5 stars","+10"
"280","12","Kaleb Johnson","PIT","RB80","9","Coach Upside rating–No rating available","Coach Bust rating–No rating available","2 out of 5 stars","+28"
"281","12","Kaelon Black","SF","RB81","8","Coach Upside rating–No rating available","Coach Bust rating–No rating available","2 out of 5 stars","-44"
"282","12","San Francisco 49ers","SF","DST17","8","Coach Upside rating–No rating available","Coach Bust rating–No rating available","3 out of 5 stars","-62"
"283","12","Atlanta Falcons","ATL","DST18","11","Coach Upside rating–No rating available","Coach Bust rating–No rating available","4 out of 5 stars","-47"
"284","12","Deshaun Watson","CLE","QB33","11","Coach Upside rating–No rating available","Coach Bust rating–No rating available","4 out of 5 stars","+82"
"285","12","Oscar Delp","NO","TE36","8","Coach Upside rating–No rating available","Coach Bust rating–No rating available","2 out of 5 stars","+164"
"286","12","Devin Neal","NO","RB82","8","Coach Upside rating–No rating available","Coach Bust rating–No rating available","3 out of 5 stars","+40"
"287","12","Malik Davis","DAL","RB83","14","Coach Upside rating–No rating available","Coach Bust rating–No rating available","4 out of 5 stars","+101"
"288","12","Kirk Cousins","LV","QB34","13","Coach Upside rating–No rating available","Coach Bust rating–No rating available","1 out of 5 stars","+52"
"289","12","Hollywood Brown","PHI","WR101","10","Coach Upside rating–No rating available","Coach Bust rating–No rating available","4 out of 5 stars","+41"
"290","12","Emari Demercado","KC","RB84","5","Coach Upside rating–No rating available","Coach Bust rating–No rating available","3 out of 5 stars","+53"
"291","12","Shedeur Sanders","CLE","QB35","11","Coach Upside rating–No rating available","Coach Bust rating–No rating available","4 out of 5 stars","-42"
"292","12","Keenan Allen","LAC","WR102","7","Coach Upside rating–No rating available","Coach Bust rating–No rating available","2 out of 5 stars","-31"
"293","12","Mack Hollins","NE","WR103","11","Coach Upside rating–No rating available","Coach Bust rating–No rating available","2 out of 5 stars","+55"
"294","12","Kyle Williams","NE","WR104","11","Coach Upside rating–No rating available","Coach Bust rating–No rating available","2 out of 5 stars","-16"
"295","12","Kendre Miller","NO","RB85","8","Coach Upside rating–No rating available","Coach Bust rating–No rating available","3 out of 5 stars","+51"
"296","12","Ja'Kobi Lane","BAL","WR105","13","Coach Upside rating–No rating available","Coach Bust rating–No rating available","4 out of 5 stars","-66"
"297","12","Brashard Smith","KC","RB86","5","Coach Upside rating–No rating available","Coach Bust rating–No rating available","3 out of 5 stars","+14"
"298","12","Devin Singletary","NYG","RB87","8","Coach Upside rating–No rating available","Coach Bust rating–No rating available","4 out of 5 stars","+7"
"299","12","Mike Gesicki","CIN","TE37","6","Coach Upside rating–No rating available","Coach Bust rating–No rating available","3 out of 5 stars","+32"
"300","12","Skyler Bell","BUF","WR106","7","Coach Upside rating–No rating available","Coach Bust rating–No rating available","4 out of 5 stars","+7"
"301","12","Jerome Ford","WAS","RB88","7","Coach Upside rating–No rating available","Coach Bust rating–No rating available","4 out of 5 stars","-"
"302","12","Tyreek Hill","FA","WR107","-","Coach Upside rating–No rating available","Coach Bust rating–No rating available","-","-111"
"303","12","Adam Randall","BAL","RB89","13","Coach Upside rating–No rating available","Coach Bust rating–No rating available","3 out of 5 stars","-"
"304","12","Isaiah Bond","CLE","WR108","11","Coach Upside rating–No rating available","Coach Bust rating–No rating available","3 out of 5 stars","+140"
"305","12","Najee Harris","LAC","RB90","7","Coach Upside rating–No rating available","Coach Bust rating–No rating available","3 out of 5 stars","+22"
"306","12","New Orleans Saints","NO","DST19","8","Coach Upside rating–No rating available","Coach Bust rating–No rating available","5 out of 5 stars","-53"
"307","12","Tahj Brooks","CIN","RB91","6","Coach Upside rating–No rating available","Coach Bust rating–No rating available","2 out of 5 stars","-"
"309","13","Seth McGowan","IND","RB92","13","Coach Upside rating–No rating available","Coach Bust rating–No rating available","4 out of 5 stars","-"
"310","13","Jake Tonges","SF","TE38","8","Coach Upside rating–No rating available","Coach Bust rating–No rating available","3 out of 5 stars","-65"
"311","13","Indianapolis Colts","IND","DST20","13","Coach Upside rating–No rating available","Coach Bust rating–No rating available","5 out of 5 stars","-34"
"312","13","Trevor Etienne","CAR","RB93","5","Coach Upside rating–No rating available","Coach Bust rating–No rating available","1 out of 5 stars","-"
"313","13","Jarquez Hunter","LAR","RB94","11","Coach Upside rating–No rating available","Coach Bust rating–No rating available","5 out of 5 stars","+57"
"314","13","Jaleel McLaughlin","DEN","RB95","10","Coach Upside rating–No rating available","Coach Bust rating–No rating available","2 out of 5 stars","+211"
"315","13","Isaac Guerendo","SF","RB96","8","Coach Upside rating–No rating available","Coach Bust rating–No rating available","2 out of 5 stars","-"
"316","13","Chicago Bears","CHI","DST21","10","Coach Upside rating–No rating available","Coach Bust rating–No rating available","2 out of 5 stars","-94"
"317","13","Andrei Iosivas","CIN","WR109","6","Coach Upside rating–No rating available","Coach Bust rating–No rating available","4 out of 5 stars","+65"
"318","13","Audric Estime","NO","RB97","8","Coach Upside rating–No rating available","Coach Bust rating–No rating available","3 out of 5 stars","+46"
"319","13","Darnell Washington","PIT","TE39","9","Coach Upside rating–No rating available","Coach Bust rating–No rating available","2 out of 5 stars","-26"
"320","13","Caleb Douglas","MIA","WR110","6","Coach Upside rating–No rating available","Coach Bust rating–No rating available","3 out of 5 stars","-35"
"321","13","Chris Brazzell II","CAR","WR111","5","Coach Upside rating–No rating available","Coach Bust rating–No rating available","2 out of 5 stars","+137"
"322","13","Cyrus Allen","KC","WR112","5","Coach Upside rating–No rating available","Coach Bust rating–No rating available","2 out of 5 stars","-66"
"323","13","Will Shipley","PHI","RB98","10","Coach Upside rating–No rating available","Coach Bust rating–No rating available","4 out of 5 stars","+130"
"324","13","Cedric Tillman","CLE","WR113","11","Coach Upside rating–No rating available","Coach Bust rating–No rating available","3 out of 5 stars","+122"
"325","13","Jalen Tolbert","MIA","WR114","6","Coach Upside rating–No rating available","Coach Bust rating–No rating available","3 out of 5 stars","-31"
"326","13","Luke McCaffrey","WAS","WR115","7","Coach Upside rating–No rating available","Coach Bust rating–No rating available","2 out of 5 stars","+27"
"327","13","Kareem Hunt","FA","RB99","-","Coach Upside rating–No rating available","Coach Bust rating–No rating available","-","-13"
"328","13","Tez Johnson","TB","WR116","10","Coach Upside rating–No rating available","Coach Bust rating–No rating available","4 out of 5 stars","+85"
"329","13","Joe Mixon","FA","RB100","-","Coach Upside rating–No rating available","Coach Bust rating–No rating available","-","-10"
"330","13","Max Klare","LAR","TE40","11","Coach Upside rating–No rating available","Coach Bust rating–No rating available","4 out of 5 stars","+48"
"331","13","Jahan Dotson","ATL","WR117","11","Coach Upside rating–No rating available","Coach Bust rating–No rating available","3 out of 5 stars","+91"
"332","13","Konata Mumpfield","LAR","WR118","11","Coach Upside rating–No rating available","Coach Bust rating–No rating available","1 out of 5 stars","+60"
"333","13","Jalen Royals","KC","WR119","5","Coach Upside rating–No rating available","Coach Bust rating–No rating available","2 out of 5 stars","+137"
"334","13","Elijah Arroyo","SEA","TE41","11","Coach Upside rating–No rating available","Coach Bust rating–No rating available","3 out of 5 stars","-5"
"335","13","J.J. McCarthy","MIN","QB36","6","Coach Upside rating–No rating available","Coach Bust rating–No rating available","5 out of 5 stars","-77"
"336","13","Calvin Austin III","NYG","WR120","8","Coach Upside rating–No rating available","Coach Bust rating–No rating available","4 out of 5 stars","+103"
"337","13","Olamide Zaccheaus","ATL","WR121","11","Coach Upside rating–No rating available","Coach Bust rating–No rating available","3 out of 5 stars","+117"
"338","13","Michael Mayer","LV","TE42","13","Coach Upside rating–No rating available","Coach Bust rating–No rating available","3 out of 5 stars","+70"
"339","13","Tyler Higbee","LAR","TE43","11","Coach Upside rating–No rating available","Coach Bust rating–No rating available","4 out of 5 stars","0"
"340","13","DeMario Douglas","NE","WR122","11","Coach Upside rating–No rating available","Coach Bust rating–No rating available","2 out of 5 stars","+15"
"341","13","Cole Kmet","CHI","TE44","10","Coach Upside rating–No rating available","Coach Bust rating–No rating available","2 out of 5 stars","-46"
"342","13","Ja'Tavion Sanders","CAR","TE45","5","Coach Upside rating–No rating available","Coach Bust rating–No rating available","2 out of 5 stars","-"
"343","13","Bam Knight","ARI","RB101","14","Coach Upside rating–No rating available","Coach Bust rating–No rating available","2 out of 5 stars","-"
"344","13","Noah Gray","KC","TE46","5","Coach Upside rating–No rating available","Coach Bust rating–No rating available","4 out of 5 stars","+39"
"345","13","Treylon Burks","WAS","WR123","7","Coach Upside rating–No rating available","Coach Bust rating–No rating available","2 out of 5 stars","-"
"346","13","Joshua Palmer","BUF","WR124","7","Coach Upside rating–No rating available","Coach Bust rating–No rating available","4 out of 5 stars","-36"
"347","13","Carolina Panthers","CAR","DST22","5","Coach Upside rating–No rating available","Coach Bust rating–No rating available","3 out of 5 stars","-84"
"348","13","Dawson Knox","BUF","TE47","7","Coach Upside rating–No rating available","Coach Bust rating–No rating available","3 out of 5 stars","-32"
"349","13","Eli Heidenreich","PIT","RB102","9","Coach Upside rating–No rating available","Coach Bust rating–No rating available","2 out of 5 stars","+182"
"350","13","Carson Beck","ARI","QB37","14","Coach Upside rating–No rating available","Coach Bust rating–No rating available","2 out of 5 stars","-51"
"351","13","Dallas Cowboys","DAL","DST23","14","Coach Upside rating–No rating available","Coach Bust rating–No rating available","1 out of 5 stars","-133"
"352","13","Kendrick Bourne","ARI","WR125","14","Coach Upside rating–No rating available","Coach Bust rating–No rating available","2 out of 5 stars","+107"
"353","13","Mac Jones","SF","QB38","8","Coach Upside rating–No rating available","Coach Bust rating–No rating available","1 out of 5 stars","+40"
"354","13","Bryce Lance","NO","WR126","8","Coach Upside rating–No rating available","Coach Bust rating–No rating available","3 out of 5 stars","+80"
"355","13","Erick All Jr.","CIN","TE48","6","Coach Upside rating–No rating available","Coach Bust rating–No rating available","3 out of 5 stars","+107"
"356","14","Brenen Thompson","LAC","WR127","7","Coach Upside rating–No rating available","Coach Bust rating–No rating available","2 out of 5 stars","+56"
"357","14","Michael Carter","TEN","RB103","9","Coach Upside rating–No rating available","Coach Bust rating–No rating available","3 out of 5 stars","-"
"359","14","Eli Raridon","NE","TE49","11","Coach Upside rating–No rating available","Coach Bust rating–No rating available","4 out of 5 stars","+10"
"360","14","Justin Joly","DEN","TE50","10","Coach Upside rating–No rating available","Coach Bust rating–No rating available","4 out of 5 stars","-"
"361","14","Justin Fields","KC","QB39","5","Coach Upside rating–No rating available","Coach Bust rating–No rating available","2 out of 5 stars","-46"
"362","14","Ty Simpson","LAR","QB40","11","Coach Upside rating–No rating available","Coach Bust rating–No rating available","3 out of 5 stars","-71"
"363","14","Dont'e Thornton Jr.","LV","WR128","13","Coach Upside rating–No rating available","Coach Bust rating–No rating available","2 out of 5 stars","+102"
"364","14","John Metchie III","CAR","WR129","5","Coach Upside rating–No rating available","Coach Bust rating–No rating available","2 out of 5 stars","-77"
"365","14","New York Giants","NYG","DST24","8","Coach Upside rating–No rating available","Coach Bust rating–No rating available","1 out of 5 stars","-146"
"366","14","J'Mari Taylor","JAC","RB104","7","Coach Upside rating–No rating available","Coach Bust rating–No rating available","4 out of 5 stars","-"
"367","14","Noah Fant","NO","TE51","8","Coach Upside rating–No rating available","Coach Bust rating–No rating available","2 out of 5 stars","+131"
"368","14","Raheim Sanders","CLE","RB105","11","Coach Upside rating–No rating available","Coach Bust rating–No rating available","3 out of 5 stars","+161"
"369","14","Jawhar Jordan","HOU","RB106","8","Coach Upside rating–No rating available","Coach Bust rating–No rating available","4 out of 5 stars","+74"
"370","14","Xavier Hutchinson","HOU","WR130","8","Coach Upside rating–No rating available","Coach Bust rating–No rating available","3 out of 5 stars","+131"
"371","14","Jaylin Lane","WAS","WR131","7","Coach Upside rating–No rating available","Coach Bust rating–No rating available","2 out of 5 stars","-"
"372","14","Nick Chubb","FA","RB107","-","Coach Upside rating–No rating available","Coach Bust rating–No rating available","-","+33"
"373","14","Tampa Bay Buccaneers","TB","DST25","10","Coach Upside rating–No rating available","Coach Bust rating–No rating available","4 out of 5 stars","-122"
"374","14","Tutu Atwell","MIA","WR132","6","Coach Upside rating–No rating available","Coach Bust rating–No rating available","3 out of 5 stars","+174"
"375","14","Anthony Richardson Sr.","IND","QB41","13","Coach Upside rating–No rating available","Coach Bust rating–No rating available","4 out of 5 stars","+34"
"376","14","Kevin Coleman Jr.","MIA","WR133","6","Coach Upside rating–No rating available","Coach Bust rating–No rating available","3 out of 5 stars","+64"
"378","14","Tennessee Titans","TEN","DST26","9","Coach Upside rating–No rating available","Coach Bust rating–No rating available","2 out of 5 stars","-124"
"380","14","Kalif Raymond","CHI","WR134","10","Coach Upside rating–No rating available","Coach Bust rating–No rating available","3 out of 5 stars","-33"
"381","14","Phil Mafah","DAL","RB108","14","Coach Upside rating–No rating available","Coach Bust rating–No rating available","4 out of 5 stars","+105"
"382","14","Savion Williams","GB","WR135","11","Coach Upside rating–No rating available","Coach Bust rating–No rating available","5 out of 5 stars","-"
"383","14","Luke Musgrave","GB","TE52","11","Coach Upside rating–No rating available","Coach Bust rating–No rating available","2 out of 5 stars","-26"
"385","14","KaVontae Turpin","DAL","WR136","14","Coach Upside rating–No rating available","Coach Bust rating–No rating available","2 out of 5 stars","-44"
"386","14","Nick Westbrook-Ikhine","IND","WR137","13","Coach Upside rating–No rating available","Coach Bust rating–No rating available","4 out of 5 stars","-"
"387","14","Kyle Juszczyk","SF","RB109","8","Coach Upside rating–No rating available","Coach Bust rating–No rating available","2 out of 5 stars","+73"
"388","14","Tommy Tremble","CAR","TE53","5","Coach Upside rating–No rating available","Coach Bust rating–No rating available","2 out of 5 stars","+18"
"389","14","Washington Commanders","WAS","DST27","7","Coach Upside rating–No rating available","Coach Bust rating–No rating available","2 out of 5 stars","-105"
"391","14","John Bates","WAS","TE54","7","Coach Upside rating–No rating available","Coach Bust rating–No rating available","1 out of 5 stars","+109"
"392","14","Miami Dolphins","MIA","DST28","6","Coach Upside rating–No rating available","Coach Bust rating–No rating available","3 out of 5 stars","-102"
"393","14","Joe Flacco","CIN","QB42","6","Coach Upside rating–No rating available","Coach Bust rating–No rating available","3 out of 5 stars","-43"
"395","14","Ben Sinnott","WAS","TE55","7","Coach Upside rating–No rating available","Coach Bust rating–No rating available","1 out of 5 stars","+107"
"397","14","Devontez Walker","BAL","WR138","13","Coach Upside rating–No rating available","Coach Bust rating–No rating available","4 out of 5 stars","-74"
"399","14","Zavion Thomas","CHI","WR139","10","Coach Upside rating–No rating available","Coach Bust rating–No rating available","3 out of 5 stars","-12"
"400","14","Deion Burks","IND","WR140","13","Coach Upside rating–No rating available","Coach Bust rating–No rating available","4 out of 5 stars","-"
"401","14","Dameon Pierce","PHI","RB110","10","Coach Upside rating–No rating available","Coach Bust rating–No rating available","4 out of 5 stars","+178"
"402","14","Austin Ekeler","FA","RB111","-","Coach Upside rating–No rating available","Coach Bust rating–No rating available","-","-98"
"403","14","Ashton Dulin","IND","WR141","13","Coach Upside rating–No rating available","Coach Bust rating–No rating available","4 out of 5 stars","+96"
"404","14","Cincinnati Bengals","CIN","DST29","6","Coach Upside rating–No rating available","Coach Bust rating–No rating available","4 out of 5 stars","-132"
"405","14","Daniel Bellinger","TEN","TE56","9","Coach Upside rating–No rating available","Coach Bust rating–No rating available","3 out of 5 stars","+33"
"406","14","Jordan Whittington","LAR","WR142","11","Coach Upside rating–No rating available","Coach Bust rating–No rating available","1 out of 5 stars","-57"
"407","14","Sione Vaki","DET","RB112","6","Coach Upside rating–No rating available","Coach Bust rating–No rating available","5 out of 5 stars","+78"
"408","14","Dyami Brown","WAS","WR143","7","Coach Upside rating–No rating available","Coach Bust rating–No rating available","2 out of 5 stars","-"
"409","14","Jam Miller","NE","RB113","11","Coach Upside rating–No rating available","Coach Bust rating–No rating available","2 out of 5 stars","-"
"410","14","Charlie Kolar","LAC","TE57","7","Coach Upside rating–No rating available","Coach Bust rating–No rating available","4 out of 5 stars","-"
"411","14","Marcus Mariota","WAS","QB43","7","Coach Upside rating–No rating available","Coach Bust rating–No rating available","2 out of 5 stars","-"
"412","14","Mitchell Evans","CAR","TE58","5","Coach Upside rating–No rating available","Coach Bust rating–No rating available","2 out of 5 stars","+52"
"413","14","Rasheen Ali","BAL","RB114","13","Coach Upside rating–No rating available","Coach Bust rating–No rating available","3 out of 5 stars","-"
"414","14","CJ Daniels","LAR","WR144","11","Coach Upside rating–No rating available","Coach Bust rating–No rating available","1 out of 5 stars","-43"
"415","14","Joe Milton III","DAL","QB44","14","Coach Upside rating–No rating available","Coach Bust rating–No rating available","2 out of 5 stars","-63"
"416","14","Terrell Jennings","NE","RB115","11","Coach Upside rating–No rating available","Coach Bust rating–No rating available","2 out of 5 stars","+110"
"417","14","Jameis Winston","NYG","QB45","8","Coach Upside rating–No rating available","Coach Bust rating–No rating available","4 out of 5 stars","-99"
"418","14","Austin Hooper","ATL","TE59","11","Coach Upside rating–No rating available","Coach Bust rating–No rating available","3 out of 5 stars","-"
"419","14","Darren Waller","FA","TE60","-","Coach Upside rating–No rating available","Coach Bust rating–No rating available","-","-"
"422","14","Malik Benson","LV","WR145","13","Coach Upside rating–No rating available","Coach Bust rating–No rating available","2 out of 5 stars","+50"
"423","14","Roschon Johnson","CHI","RB116","10","Coach Upside rating–No rating available","Coach Bust rating–No rating available","2 out of 5 stars","+3"
"424","14","Greg Dortch","DET","WR146","6","Coach Upside rating–No rating available","Coach Bust rating–No rating available","4 out of 5 stars","-8"
"425","15","Jeremy McNichols","WAS","RB117","7","Coach Upside rating–No rating available","Coach Bust rating–No rating available","4 out of 5 stars","-"
"426","15","Zach Ertz","FA","TE61","-","Coach Upside rating–No rating available","Coach Bust rating–No rating available","-","-"
"430","15","Las Vegas Raiders","LV","DST30","13","Coach Upside rating–No rating available","Coach Bust rating–No rating available","4 out of 5 stars","-159"
"431","15","Roman Wilson","PIT","WR147","9","Coach Upside rating–No rating available","Coach Bust rating–No rating available","3 out of 5 stars","-80"
"432","15","Jonnu Smith","FA","TE62","-","Coach Upside rating–No rating available","Coach Bust rating–No rating available","-","-"
"433","15","Damien Martinez","GB","RB118","11","Coach Upside rating–No rating available","Coach Bust rating–No rating available","4 out of 5 stars","-"
"435","15","Mitch Tinsley","CIN","WR148","6","Coach Upside rating–No rating available","Coach Bust rating–No rating available","4 out of 5 stars","-46"
"436","15","Demarcus Robinson","SF","WR149","8","Coach Upside rating–No rating available","Coach Bust rating–No rating available","2 out of 5 stars","+78"
"437","15","Zavier Scott","MIN","RB119","6","Coach Upside rating–No rating available","Coach Bust rating–No rating available","4 out of 5 stars","-"
"438","15","Ty Chandler","NO","RB120","8","Coach Upside rating–No rating available","Coach Bust rating–No rating available","3 out of 5 stars","-"
"439","15","Scotty Miller","CHI","WR150","10","Coach Upside rating–No rating available","Coach Bust rating–No rating available","3 out of 5 stars","+77"
"440","15","Jaret Patterson","LAC","RB121","7","Coach Upside rating–No rating available","Coach Bust rating–No rating available","3 out of 5 stars","-"
"441","15","Tommy Myers","FA","TE63","-","Coach Upside rating–No rating available","Coach Bust rating–No rating available","-","-"
"442","15","Marquez Valdes-Scantling","DAL","WR151","14","Coach Upside rating–No rating available","Coach Bust rating–No rating available","2 out of 5 stars","-17"
"443","15","Josh Oliver","MIN","TE64","6","Coach Upside rating–No rating available","Coach Bust rating–No rating available","4 out of 5 stars","-89"
"444","15","Marlin Klein","HOU","TE65","8","Coach Upside rating–No rating available","Coach Bust rating–No rating available","4 out of 5 stars","-"
"445","15","Adam Trautman","DEN","TE66","10","Coach Upside rating–No rating available","Coach Bust rating–No rating available","4 out of 5 stars","+21"
"446","15","Hunter Luepke","DAL","RB122","14","Coach Upside rating–No rating available","Coach Bust rating–No rating available","4 out of 5 stars","+23"
"447","15","Elijah Higgins","ARI","TE67","14","Coach Upside rating–No rating available","Coach Bust rating–No rating available","2 out of 5 stars","-40"
"448","15","Antonio Gibson","FA","RB123","-","Coach Upside rating–No rating available","Coach Bust rating–No rating available","-","+87"
"449","15","Tanner Koziol","JAC","TE68","7","Coach Upside rating–No rating available","Coach Bust rating–No rating available","3 out of 5 stars","-"
"450","15","Dylan Laube","LV","RB124","13","Coach Upside rating–No rating available","Coach Bust rating–No rating available","2 out of 5 stars","-"
"451","15","Robert Henry Jr.","WAS","RB125","7","Coach Upside rating–No rating available","Coach Bust rating–No rating available","4 out of 5 stars","-"
"452","15","Tai Felton","MIN","WR152","6","Coach Upside rating–No rating available","Coach Bust rating–No rating available","5 out of 5 stars","-53"
"453","15","Colbie Young","CIN","WR153","6","Coach Upside rating–No rating available","Coach Bust rating–No rating available","4 out of 5 stars","-58"
"454","15","Khalil Herbert","SF","RB126","8","Coach Upside rating–No rating available","Coach Bust rating–No rating available","2 out of 5 stars","-"
"455","15","Tyler Lockett","LV","WR154","13","Coach Upside rating–No rating available","Coach Bust rating–No rating available","2 out of 5 stars","-"
"456","15","Will Kacmarek","MIA","TE69","6","Coach Upside rating–No rating available","Coach Bust rating–No rating available","5 out of 5 stars","-"
"457","15","Cash Jones","ATL","RB127","11","Coach Upside rating–No rating available","Coach Bust rating–No rating available","2 out of 5 stars","-"
"458","15","Roman Hemby","LV","RB128","13","Coach Upside rating–No rating available","Coach Bust rating–No rating available","2 out of 5 stars","-"
"459","15","Jaydn Ott","KC","RB129","5","Coach Upside rating–No rating available","Coach Bust rating–No rating available","3 out of 5 stars","-"
"460","15","Ronnie Rivers","LAR","RB130","11","Coach Upside rating–No rating available","Coach Bust rating–No rating available","5 out of 5 stars","+63"
"461","15","Jahdae Walker","CHI","WR155","10","Coach Upside rating–No rating available","Coach Bust rating–No rating available","3 out of 5 stars","-101"
"462","15","Jake Bobo","SEA","WR156","11","Coach Upside rating–No rating available","Coach Bust rating–No rating available","3 out of 5 stars","-87"
"463","15","Jakobie Keeney-James","PIT","WR157","9","Coach Upside rating–No rating available","Coach Bust rating–No rating available","3 out of 5 stars","-32"
"464","15","Kevin Austin Jr.","NO","WR158","8","Coach Upside rating–No rating available","Coach Bust rating–No rating available","3 out of 5 stars","-"
"465","15","Mo Alie-Cox","IND","TE70","13","Coach Upside rating–No rating available","Coach Bust rating–No rating available","3 out of 5 stars","+2"
"466","15","Odell Beckham Jr.","NYG","WR159","8","Coach Upside rating–No rating available","Coach Bust rating–No rating available","4 out of 5 stars","-157"
"467","15","Tim Patrick","NYJ","WR160","13","Coach Upside rating–No rating available","Coach Bust rating–No rating available","4 out of 5 stars","+104"
"468","15","Miles Sanders","FA","RB131","-","Coach Upside rating–No rating available","Coach Bust rating–No rating available","-","-"
"469","15","New York Jets","NYJ","DST31","13","Coach Upside rating–No rating available","Coach Bust rating–No rating available","4 out of 5 stars","-148"
"470","15","Cade Klubnik","NYJ","QB46","13","Coach Upside rating–No rating available","Coach Bust rating–No rating available","4 out of 5 stars","-70"
"471","15","Luke Schoonmaker","DAL","TE71","14","Coach Upside rating–No rating available","Coach Bust rating–No rating available","2 out of 5 stars","-115"
"472","15","Jordan Waters","LAR","RB132","11","Coach Upside rating–No rating available","Coach Bust rating–No rating available","5 out of 5 stars","-"
"473","15","Riley Leonard","IND","QB47","13","Coach Upside rating–No rating available","Coach Bust rating–No rating available","4 out of 5 stars","-41"
"474","15","Donovan Edwards","MIA","RB133","6","Coach Upside rating–No rating available","Coach Bust rating–No rating available","3 out of 5 stars","-"
"475","15","Nate Boerkircher","JAC","TE72","7","Coach Upside rating–No rating available","Coach Bust rating–No rating available","3 out of 5 stars","+77"
"476","15","Elijah Mitchell","PHI","RB134","10","Coach Upside rating–No rating available","Coach Bust rating–No rating available","4 out of 5 stars","-"
"477","15","Jacob Saylors","DET","RB135","6","Coach Upside rating–No rating available","Coach Bust rating–No rating available","5 out of 5 stars","-20"
"478","15","Xavier Smith","LAR","WR161","11","Coach Upside rating–No rating available","Coach Bust rating–No rating available","1 out of 5 stars","-84"
"479","15","Raheem Mostert","LV","RB136","13","Coach Upside rating–No rating available","Coach Bust rating–No rating available","2 out of 5 stars","-"
"480","15","Myles Montgomery","NE","RB137","11","Coach Upside rating–No rating available","Coach Bust rating–No rating available","2 out of 5 stars","-"
"481","15","Elijah Tau-Tolliver","BAL","RB138","13","Coach Upside rating–No rating available","Coach Bust rating–No rating available","3 out of 5 stars","-"
"482","15","Quinn Ewers","MIA","QB48","6","Coach Upside rating–No rating available","Coach Bust rating–No rating available","3 out of 5 stars","-35"
"483","15","Xavier Restrepo","TEN","WR162","9","Coach Upside rating–No rating available","Coach Bust rating–No rating available","3 out of 5 stars","-"
"484","15","Tyler Goodson","ATL","RB139","11","Coach Upside rating–No rating available","Coach Bust rating–No rating available","2 out of 5 stars","+109"
"485","15","Kendric Pryor","CIN","WR163","6","Coach Upside rating–No rating available","Coach Bust rating–No rating available","4 out of 5 stars","-"
"486","15","Derius Davis","LAC","WR164","7","Coach Upside rating–No rating available","Coach Bust rating–No rating available","2 out of 5 stars","-"
"487","15","Jackson Hawes","BUF","TE73","7","Coach Upside rating–No rating available","Coach Bust rating–No rating available","3 out of 5 stars","-76"
"488","15","Drew Sample","CIN","TE74","6","Coach Upside rating–No rating available","Coach Bust rating–No rating available","3 out of 5 stars","-25"
"489","15","Jack Endries","CIN","TE75","6","Coach Upside rating–No rating available","Coach Bust rating–No rating available","3 out of 5 stars","-"
"490","15","Sam Roush","CHI","TE76","10","Coach Upside rating–No rating available","Coach Bust rating–No rating available","2 out of 5 stars","-71"
"491","15","Frank Gore Jr.","BUF","RB140","7","Coach Upside rating–No rating available","Coach Bust rating–No rating available","2 out of 5 stars","-41"
"492","15","Taysom Hill","FA","TE77","-","Coach Upside rating–No rating available","Coach Bust rating–No rating available","-","-"
"493","15","Theo Wease Jr.","MIA","WR165","6","Coach Upside rating–No rating available","Coach Bust rating–No rating available","3 out of 5 stars","-"
"494","15","Jeshaun Jones","MIN","WR166","6","Coach Upside rating–No rating available","Coach Bust rating–No rating available","5 out of 5 stars","+76"
"495","15","Reggie Virgil","ARI","WR167","14","Coach Upside rating–No rating available","Coach Bust rating–No rating available","2 out of 5 stars","-19"
"496","16","Jacardia Wright","SEA","RB141","11","Coach Upside rating–No rating available","Coach Bust rating–No rating available","4 out of 5 stars","-"
"497","16","Michael Woods II","DEN","WR168","10","Coach Upside rating–No rating available","Coach Bust rating–No rating available","2 out of 5 stars","-"
"498","16","Tanner Hudson","CIN","TE78","6","Coach Upside rating–No rating available","Coach Bust rating–No rating available","3 out of 5 stars","-"
"499","16","Michael Trigg","DAL","TE79","14","Coach Upside rating–No rating available","Coach Bust rating–No rating available","2 out of 5 stars","-118"
"500","16","Thomas Fidone II","NYG","TE80","8","Coach Upside rating–No rating available","Coach Bust rating–No rating available","3 out of 5 stars","-"
"501","16","DeAndre Hopkins","BAL","WR169","13","Coach Upside rating–No rating available","Coach Bust rating–No rating available","4 out of 5 stars","-"
"502","16","Jordan Watkins","SF","WR170","8","Coach Upside rating–No rating available","Coach Bust rating–No rating available","2 out of 5 stars","-"
"503","16","Jalen Milroe","SEA","QB49","11","Coach Upside rating–No rating available","Coach Bust rating–No rating available","4 out of 5 stars","-127"
"504","16","Jared Wiley","KC","TE81","5","Coach Upside rating–No rating available","Coach Bust rating–No rating available","4 out of 5 stars","-"
"506","16","Jimmy Horn Jr.","CAR","WR171","5","Coach Upside rating–No rating available","Coach Bust rating–No rating available","2 out of 5 stars","-92"
"507","16","Gardner Minshew II","ARI","QB50","14","Coach Upside rating–No rating available","Coach Bust rating–No rating available","2 out of 5 stars","-30"
"508","16","Brock Wright","DET","TE82","6","Coach Upside rating–No rating available","Coach Bust rating–No rating available","3 out of 5 stars","-170"
"509","16","Tyler Conklin","DET","TE83","6","Coach Upside rating–No rating available","Coach Bust rating–No rating available","3 out of 5 stars","+48"
"510","16","Tyrod Taylor","GB","QB51","11","Coach Upside rating–No rating available","Coach Bust rating–No rating available","4 out of 5 stars","-95"
"511","16","Jermaine Burton","FA","WR172","-","Coach Upside rating–No rating available","Coach Bust rating–No rating available","-","-"
"512","16","Moliki Matavao","NO","TE84","8","Coach Upside rating–No rating available","Coach Bust rating–No rating available","2 out of 5 stars","-"
"513","16","Trey Lance","LAC","QB52","7","Coach Upside rating–No rating available","Coach Bust rating–No rating available","2 out of 5 stars","-86"
"514","16","Will Dissly","FA","TE85","-","Coach Upside rating–No rating available","Coach Bust rating–No rating available","-","-"
"515","16","Jacob Cowing","SF","WR173","8","Coach Upside rating–No rating available","Coach Bust rating–No rating available","2 out of 5 stars","+50"
